구분	이름	SBS	SBS(U)	KBS2	KBS2(U)	KBS1	KBS1(U)	EBS	EBS(U)	MBC	MBC(U)	위도	경도	메모
송신소	황령산(부산)	15	53	16	56	14	52	18	55	17	54	35.1581	129.0838	부산권 주송신소
중계소	천마산	32		31		29		33		35		35.090171	129.013787	
중계소	기장	35		38		36		39		33		35.266851	129.21315	
중계소	정관	22		23		21		25		24		35.31145	129.198761	
중계소	녹산	24		25		23		31		26		35.124472	128.891171	
중계소	만덕	27		26		22		28		24		35.209581	129.05166	
